{"sections":{"518a4c08-4916-4b55-ad05-7d11956cfbd1":{"type":"custom-liquid","settings":{"custom_liquid":"","color_scheme":"accent-1","padding_top":0,"padding_bottom":4}},"71a5a8cb-b866-47f7-bad4-40a1f081c9f0":{"type":"image-with-text","blocks":{"template--17791665996062__71a5a8cb-b866-47f7-bad4-40a1f081c9f0-1675548377b8ad6a07-0":{"type":"heading","settings":{"heading":"All key provisions & important information - MoralGo Apps","heading_size":"h1"}},"template--17791665996062__71a5a8cb-b866-47f7-bad4-40a1f081c9f0-1675548377b8ad6a07-1":{"type":"text","settings":{"text":"<p>Banks and financial institutions around the world are waiting patiently for hundreds of billions of dollars to be transferred. It's a huge amount frozen on business accounts, awaiting collection by owners.<\/p>","text_style":"body"}},"template--17791665996062__71a5a8cb-b866-47f7-bad4-40a1f081c9f0-1675548377b8ad6a07-2":{"type":"button","settings":{"button_label":"Read on","button_link":"shopify:\/\/pages\/home"}}},"block_order":["template--17791665996062__71a5a8cb-b866-47f7-bad4-40a1f081c9f0-1675548377b8ad6a07-0","template--17791665996062__71a5a8cb-b866-47f7-bad4-40a1f081c9f0-1675548377b8ad6a07-1","template--17791665996062__71a5a8cb-b866-47f7-bad4-40a1f081c9f0-1675548377b8ad6a07-2"],"settings":{"image":"shopify:\/\/shop_images\/Untitled_1000_x_1000px_7.gif","height":"adapt","desktop_image_width":"medium","layout":"text_first","desktop_content_position":"middle","desktop_content_alignment":"left","content_layout":"no-overlap","color_scheme":"background-1","mobile_content_alignment":"left","padding_top":0,"padding_bottom":32}},"9787004e-476f-4fc3-947c-be059e15a789":{"type":"rich-text","blocks":{"template--17791665996062__9787004e-476f-4fc3-947c-be059e15a789-167559989037332c91-1":{"type":"text","settings":{"text":"<p><strong>Non-profit organization ⚠️<\/strong><\/p>"}}},"block_order":["template--17791665996062__9787004e-476f-4fc3-947c-be059e15a789-167559989037332c91-1"],"settings":{"desktop_content_position":"center","content_alignment":"center","color_scheme":"inverse","full_width":true,"padding_top":4,"padding_bottom":4}},"7aa6d5ad-80a5-4359-a769-4e9edc32720f":{"type":"kava-features-claire-01","blocks":{"template--17791665996062__7aa6d5ad-80a5-4359-a769-4e9edc32720f-1675595131390d789a-0":{"type":"heading","settings":{"heading_text":"Apps service","heading_tag":"h2"}},"template--17791665996062__7aa6d5ad-80a5-4359-a769-4e9edc32720f-1675595131390d789a-1":{"type":"feature","settings":{"feature_title":"Low price guarantee","feature_text":"Monthly subscription cost $?.99 or the equivalent in your local currency. Your monthly subscription will be billed on the day it renews.","feature_svg":"<svg xmlns=\"http:\/\/www.w3.org\/2000\/svg\" width=\"16\" height=\"16\" fill=\"currentColor\" class=\"bi bi-check-lg\" viewbox=\"0 0 16 16\"><path d=\"M12.736 3.97a.733.733 0 0 1 1.047 0c.286.289.29.756.01 1.05L7.88 12.01a.733.733 0 0 1-1.065.02L3.217 8.384a.757.757 0 0 1 0-1.06.733.733 0 0 1 1.047 0l3.052 3.093 5.4-6.425a.247.247 0 0 1 .02-.022Z\"><\/path><\/svg>","feature_image":"shopify:\/\/shop_images\/6_2995a9a8-2a25-425e-8d29-8dbb7b0243d3.png"}},"template--17791665996062__7aa6d5ad-80a5-4359-a769-4e9edc32720f-1675595131390d789a-2":{"type":"feature","settings":{"feature_title":"Without any obligation on your part","feature_text":"The subscription is voluntary and you are free to withdraw your consent anytime by clicking the unsubscribe link in the email.","feature_svg":"<svg xmlns=\"http:\/\/www.w3.org\/2000\/svg\" width=\"16\" height=\"16\" fill=\"currentColor\" class=\"bi bi-check-lg\" viewbox=\"0 0 16 16\"><path d=\"M12.736 3.97a.733.733 0 0 1 1.047 0c.286.289.29.756.01 1.05L7.88 12.01a.733.733 0 0 1-1.065.02L3.217 8.384a.757.757 0 0 1 0-1.06.733.733 0 0 1 1.047 0l3.052 3.093 5.4-6.425a.247.247 0 0 1 .02-.022Z\"><\/path><\/svg>","feature_image":"shopify:\/\/shop_images\/6_2995a9a8-2a25-425e-8d29-8dbb7b0243d3.png"}},"template--17791665996062__7aa6d5ad-80a5-4359-a769-4e9edc32720f-1675595131390d789a-3":{"type":"feature","settings":{"feature_title":"Easy access and simple operation","feature_text":"The application and the customer panel on the page, users have access to it from any device, anywhere and anytime.","feature_svg":"<svg xmlns=\"http:\/\/www.w3.org\/2000\/svg\" width=\"16\" height=\"16\" fill=\"currentColor\" class=\"bi bi-check-lg\" viewbox=\"0 0 16 16\"><path d=\"M12.736 3.97a.733.733 0 0 1 1.047 0c.286.289.29.756.01 1.05L7.88 12.01a.733.733 0 0 1-1.065.02L3.217 8.384a.757.757 0 0 1 0-1.06.733.733 0 0 1 1.047 0l3.052 3.093 5.4-6.425a.247.247 0 0 1 .02-.022Z\"><\/path><\/svg>","feature_image":"shopify:\/\/shop_images\/6_2995a9a8-2a25-425e-8d29-8dbb7b0243d3.png"}}},"block_order":["template--17791665996062__7aa6d5ad-80a5-4359-a769-4e9edc32720f-1675595131390d789a-0","template--17791665996062__7aa6d5ad-80a5-4359-a769-4e9edc32720f-1675595131390d789a-1","template--17791665996062__7aa6d5ad-80a5-4359-a769-4e9edc32720f-1675595131390d789a-2","template--17791665996062__7aa6d5ad-80a5-4359-a769-4e9edc32720f-1675595131390d789a-3"],"settings":{"inherit_fonts":true,"text_color":"#ffffff","background_color":"rgba(0,0,0,0)","icon_color":"#0535f5","disable_icon_bg":true,"text_align":"center","section_height":false,"section_padding_top":100,"section_padding_bottom":100,"section_padding_top_mobile":100,"section_padding_bottom_mobile":100,"container_max_width":1200,"custom_css":""}},"rich_text":{"type":"rich-text","blocks":{"text":{"type":"text","settings":{"text":"<p>The funds raised will be devoted entirely to the development of the <a href=\"\/pages\/home\" title=\"Home\"><strong>MoralGo<\/strong><\/a> project and activities aimed at raising awareness among societies worldwide.<\/p>"}}},"block_order":["text"],"settings":{"desktop_content_position":"center","content_alignment":"center","color_scheme":"inverse","full_width":true,"padding_top":8,"padding_bottom":8}},"2c127f1d-0213-45fe-ab14-634e045a79f6":{"type":"image-with-text","blocks":{"template--17791665996062__2c127f1d-0213-45fe-ab14-634e045a79f6-1675732610eb38b3d7-0":{"type":"heading","settings":{"heading":"It is a moral obligation","heading_size":"h1"}},"template--17791665996062__2c127f1d-0213-45fe-ab14-634e045a79f6-1675732610eb38b3d7-1":{"type":"text","settings":{"text":"<p>One of the most important decisions we can make for the sake of the family.<\/p><p>Learnmore about the service <a href=\"\/pages\/about-us-1\" title=\"About us\"><strong>HERE<\/strong><\/a><\/p>","text_style":"body"}},"template--17791665996062__2c127f1d-0213-45fe-ab14-634e045a79f6-1675732610eb38b3d7-2":{"type":"button","settings":{"button_label":"Subscribe now","button_link":"shopify:\/\/products\/moralgo-apps-subscription"}}},"block_order":["template--17791665996062__2c127f1d-0213-45fe-ab14-634e045a79f6-1675732610eb38b3d7-0","template--17791665996062__2c127f1d-0213-45fe-ab14-634e045a79f6-1675732610eb38b3d7-1","template--17791665996062__2c127f1d-0213-45fe-ab14-634e045a79f6-1675732610eb38b3d7-2"],"settings":{"image":"shopify:\/\/shop_images\/Blue_White_Minimal_Creative_Illustration_Short_Link_Application_Online_Poster_6.png","height":"adapt","desktop_image_width":"medium","layout":"image_first","desktop_content_position":"middle","desktop_content_alignment":"left","content_layout":"no-overlap","color_scheme":"background-1","mobile_content_alignment":"left","padding_top":48,"padding_bottom":48}}},"order":["518a4c08-4916-4b55-ad05-7d11956cfbd1","71a5a8cb-b866-47f7-bad4-40a1f081c9f0","9787004e-476f-4fc3-947c-be059e15a789","7aa6d5ad-80a5-4359-a769-4e9edc32720f","rich_text","2c127f1d-0213-45fe-ab14-634e045a79f6"]}