{"sections":{"main":{"type":"main-page","disabled":true,"settings":{"padding_top":28,"padding_bottom":0}},"7f8e28e3-d661-41f1-b7ca-bd7af92b141d":{"type":"custom-liquid","settings":{"custom_liquid":"","color_scheme":"background-2","padding_top":0,"padding_bottom":4}},"9f5600dd-1bfc-4a6c-9b17-b55b48459f8f":{"type":"rich-text","settings":{"desktop_content_position":"left","content_alignment":"center","color_scheme":"inverse","full_width":false,"padding_top":0,"padding_bottom":0}},"7773d824-865e-41ba-a0e2-e0c6cf5f50ee":{"type":"image-with-text","blocks":{"template--17796632903966__7773d824-865e-41ba-a0e2-e0c6cf5f50ee-16756236550afc7878-0":{"type":"heading","settings":{"heading":"Every new visit is a proof for us that it is worth it!","heading_size":"h1"}},"template--17796632903966__7773d824-865e-41ba-a0e2-e0c6cf5f50ee-16756236550afc7878-1":{"type":"text","settings":{"text":"<p>Every day we put a lot of effort, for every person who would like to listen to us. Trust us because we have something important to pass on in the following lines of this page.<\/p>","text_style":"body"}}},"block_order":["template--17796632903966__7773d824-865e-41ba-a0e2-e0c6cf5f50ee-16756236550afc7878-0","template--17796632903966__7773d824-865e-41ba-a0e2-e0c6cf5f50ee-16756236550afc7878-1"],"settings":{"image":"shopify:\/\/shop_images\/Untitled_design_6.gif","height":"small","desktop_image_width":"medium","layout":"text_first","desktop_content_position":"middle","desktop_content_alignment":"left","content_layout":"no-overlap","color_scheme":"background-1","mobile_content_alignment":"left","padding_top":60,"padding_bottom":60}},"883c6bd0-3d47-4bdd-a525-2eceac18d8cc":{"type":"multicolumn","blocks":{"534132d0-a2e8-4874-8083-dddda67ef24e":{"type":"column","settings":{"title":"","text":"","link_label":"","link":""}},"template--17796632903966__883c6bd0-3d47-4bdd-a525-2eceac18d8cc-167572012248c0f94a-2":{"type":"column","settings":{"image":"shopify:\/\/shop_images\/Untitled_design_8.gif","title":"","text":"","link_label":"","link":""}},"be99132f-ed5f-4b48-90a6-641e53269a5f":{"type":"column","settings":{"title":"","text":"","link_label":"","link":""}}},"block_order":["534132d0-a2e8-4874-8083-dddda67ef24e","template--17796632903966__883c6bd0-3d47-4bdd-a525-2eceac18d8cc-167572012248c0f94a-2","be99132f-ed5f-4b48-90a6-641e53269a5f"],"settings":{"title":"","heading_size":"h2","image_width":"half","image_ratio":"adapt","columns_desktop":3,"column_alignment":"center","background_style":"none","button_label":"","button_link":"","color_scheme":"accent-2","columns_mobile":"1","swipe_on_mobile":false,"padding_top":0,"padding_bottom":0}},"6b216f73-ae92-45c7-a4ca-032934775876":{"type":"rich-text","blocks":{"template--17796632903966__6b216f73-ae92-45c7-a4ca-032934775876-16756266746ee6a98e-0":{"type":"heading","settings":{"heading":"<p><strong>Thinking of your loved ones<\/strong><\/p>","heading_size":"h1"}},"template--17796632903966__6b216f73-ae92-45c7-a4ca-032934775876-16756266746ee6a98e-1":{"type":"text","settings":{"text":"<p>The world has never developed so quickly. Technology, industry, is a time of great opportunities. Time of such rapid progress of humanity. Awareness - is a motivation and strength to act. However, you should always analyze the other side of the coin. Taking part in the race for 100 meters, do not forget about other equally important issues of everyday life. When we are ready to set a goal, it means that we expect victory.<\/p>"}}},"block_order":["template--17796632903966__6b216f73-ae92-45c7-a4ca-032934775876-16756266746ee6a98e-0","template--17796632903966__6b216f73-ae92-45c7-a4ca-032934775876-16756266746ee6a98e-1"],"settings":{"desktop_content_position":"center","content_alignment":"left","color_scheme":"background-1","full_width":true,"padding_top":40,"padding_bottom":52}},"41a58d11-b104-4f0b-932b-0f279aba9755":{"type":"image-with-text","blocks":{"template--17796632903966__41a58d11-b104-4f0b-932b-0f279aba9755-1675717676723592a7-1":{"type":"text","settings":{"text":"<p><strong>In accordance with our mission, we enlighten things so important, and by many not seen. It is not a simple marketing trick, but we are not afraid to use the phrase; anyone who has at least one person close to his heart should spend a few more minutes to understand what we want to convey. If not for yourself, it is because of the loved ones.<\/strong><\/p>","text_style":"body"}}},"block_order":["template--17796632903966__41a58d11-b104-4f0b-932b-0f279aba9755-1675717676723592a7-1"],"settings":{"image":"shopify:\/\/shop_images\/1_06ad2b31-75b6-47ed-897f-7e00a17c34d9.png","height":"adapt","desktop_image_width":"medium","layout":"image_first","desktop_content_position":"top","desktop_content_alignment":"left","content_layout":"no-overlap","color_scheme":"background-1","mobile_content_alignment":"left","padding_top":36,"padding_bottom":36}},"d6fd908d-b771-47d4-9e91-ac97afa0646f":{"type":"rich-text","blocks":{"template--17796632903966__d6fd908d-b771-47d4-9e91-ac97afa0646f-16756266746ee6a98e-0":{"type":"heading","settings":{"heading":"<p>Ambition is also a responsibility!<\/p>","heading_size":"h2"}},"template--17796632903966__d6fd908d-b771-47d4-9e91-ac97afa0646f-16756266746ee6a98e-1":{"type":"text","settings":{"text":"<p>Our task is not the easiest one. We face questions that most of the society does not have the courage. Asking yourself the following 5 simple questions, starting with the simplest, everyone will understand that it is all about matters of utmost importance.<\/p>"}}},"block_order":["template--17796632903966__d6fd908d-b771-47d4-9e91-ac97afa0646f-16756266746ee6a98e-0","template--17796632903966__d6fd908d-b771-47d4-9e91-ac97afa0646f-16756266746ee6a98e-1"],"settings":{"desktop_content_position":"center","content_alignment":"left","color_scheme":"background-1","full_width":true,"padding_top":40,"padding_bottom":28}},"8cccfec9-c8ed-4306-8b57-b81b34d95a03":{"type":"kava-features-claire-01","blocks":{"template--17796632903966__8cccfec9-c8ed-4306-8b57-b81b34d95a03-1675636618f1da678f-1":{"type":"feature","settings":{"feature_title":"","feature_text":"Losing your monthly income from day to day for any reason, are we ready for it?","feature_svg":"<svg xmlns=\"http:\/\/www.w3.org\/2000\/svg\" width=\"16\" height=\"16\" fill=\"currentColor\" class=\"bi bi-check-lg\" viewbox=\"0 0 16 16\"><path d=\"M12.736 3.97a.733.733 0 0 1 1.047 0c.286.289.29.756.01 1.05L7.88 12.01a.733.733 0 0 1-1.065.02L3.217 8.384a.757.757 0 0 1 0-1.06.733.733 0 0 1 1.047 0l3.052 3.093 5.4-6.425a.247.247 0 0 1 .02-.022Z\"><\/path><\/svg>","feature_image":"shopify:\/\/shop_images\/2_56f65643-9d66-4d4f-bae0-d82e76e37617.png"}},"template--17796632903966__8cccfec9-c8ed-4306-8b57-b81b34d95a03-1675636618f1da678f-2":{"type":"feature","settings":{"feature_title":"","feature_text":"Losing health are we prepared for expensive treatment?","feature_svg":"<svg xmlns=\"http:\/\/www.w3.org\/2000\/svg\" width=\"16\" height=\"16\" fill=\"currentColor\" class=\"bi bi-check-lg\" viewbox=\"0 0 16 16\"><path d=\"M12.736 3.97a.733.733 0 0 1 1.047 0c.286.289.29.756.01 1.05L7.88 12.01a.733.733 0 0 1-1.065.02L3.217 8.384a.757.757 0 0 1 0-1.06.733.733 0 0 1 1.047 0l3.052 3.093 5.4-6.425a.247.247 0 0 1 .02-.022Z\"><\/path><\/svg>","feature_image":"shopify:\/\/shop_images\/2_56f65643-9d66-4d4f-bae0-d82e76e37617.png"}},"template--17796632903966__8cccfec9-c8ed-4306-8b57-b81b34d95a03-1675636618f1da678f-3":{"type":"feature","settings":{"feature_title":"","feature_text":"Sacrificing every free time for a hobby, company, interest, are we ready to bear the burden of loss, what filled every day?","feature_svg":"<svg xmlns=\"http:\/\/www.w3.org\/2000\/svg\" width=\"16\" height=\"16\" fill=\"currentColor\" class=\"bi bi-check-lg\" viewbox=\"0 0 16 16\"><path d=\"M12.736 3.97a.733.733 0 0 1 1.047 0c.286.289.29.756.01 1.05L7.88 12.01a.733.733 0 0 1-1.065.02L3.217 8.384a.757.757 0 0 1 0-1.06.733.733 0 0 1 1.047 0l3.052 3.093 5.4-6.425a.247.247 0 0 1 .02-.022Z\"><\/path><\/svg>","feature_image":"shopify:\/\/shop_images\/2_56f65643-9d66-4d4f-bae0-d82e76e37617.png"}},"04dc1a92-f1e3-4834-a94a-1b7ffebb61b2":{"type":"feature","settings":{"feature_title":"","feature_text":"Do we feel responsible in everyday life for others?","feature_svg":"<svg xmlns=\"http:\/\/www.w3.org\/2000\/svg\" width=\"16\" height=\"16\" fill=\"currentColor\" class=\"bi bi-check-lg\" viewbox=\"0 0 16 16\"><path d=\"M12.736 3.97a.733.733 0 0 1 1.047 0c.286.289.29.756.01 1.05L7.88 12.01a.733.733 0 0 1-1.065.02L3.217 8.384a.757.757 0 0 1 0-1.06.733.733 0 0 1 1.047 0l3.052 3.093 5.4-6.425a.247.247 0 0 1 .02-.022Z\"><\/path><\/svg>","feature_image":"shopify:\/\/shop_images\/2_56f65643-9d66-4d4f-bae0-d82e76e37617.png"}},"b361280e-9081-456b-86e4-1556983342d3":{"type":"feature","settings":{"feature_title":"","feature_text":"So, as if it looked, the life of our loved ones if we left this world without saying goodbye?","feature_svg":"<svg xmlns=\"http:\/\/www.w3.org\/2000\/svg\" width=\"16\" height=\"16\" fill=\"currentColor\" class=\"bi bi-check-lg\" viewbox=\"0 0 16 16\"><path d=\"M12.736 3.97a.733.733 0 0 1 1.047 0c.286.289.29.756.01 1.05L7.88 12.01a.733.733 0 0 1-1.065.02L3.217 8.384a.757.757 0 0 1 0-1.06.733.733 0 0 1 1.047 0l3.052 3.093 5.4-6.425a.247.247 0 0 1 .02-.022Z\"><\/path><\/svg>","feature_image":"shopify:\/\/shop_images\/1.png"}}},"block_order":["template--17796632903966__8cccfec9-c8ed-4306-8b57-b81b34d95a03-1675636618f1da678f-1","template--17796632903966__8cccfec9-c8ed-4306-8b57-b81b34d95a03-1675636618f1da678f-2","template--17796632903966__8cccfec9-c8ed-4306-8b57-b81b34d95a03-1675636618f1da678f-3","04dc1a92-f1e3-4834-a94a-1b7ffebb61b2","b361280e-9081-456b-86e4-1556983342d3"],"settings":{"inherit_fonts":true,"text_color":"{{ shop.brand.colors.secondary[0].foreground }}","background_color":"rgba(0,0,0,0)","icon_color":"{{ shop.brand.colors.primary[0].foreground }}","disable_icon_bg":true,"text_align":"center","section_height":false,"section_padding_top":0,"section_padding_bottom":100,"section_padding_top_mobile":90,"section_padding_bottom_mobile":90,"container_max_width":1200,"custom_css":""}},"51ac0386-36f6-4d8f-98ca-e04a3af07f32":{"type":"rich-text","blocks":{"template--17796632903966__51ac0386-36f6-4d8f-98ca-e04a3af07f32-16756266746ee6a98e-1":{"type":"text","settings":{"text":"<p><strong>Each experienced person realizes that there are times in life where the presence of the other is the greatest gift. The struggle between good and evil is a long and difficult process, sadly stating that with the first four questions everyone has to deal with himself, experiencing in their own individual way. The biggest problem occurs when the presence itself is too much. Banks and financial corporations are looking forward to the owners of hundreds of billions of dollars that hang in the air for one simple reason - the owners of the said money, are not aware of their possession. As a charitable organization in our ranks are incredibly experienced people in the world of finance. Together, we create this project, carrying practical support for the last of these points, for the most expensive people. The rush in everyday life does not facilitate the task. Fighting the world every day we make violent decisions, avoiding unnecessary formalities, expecting the desired effect.<\/strong><\/p>"}}},"block_order":["template--17796632903966__51ac0386-36f6-4d8f-98ca-e04a3af07f32-16756266746ee6a98e-1"],"settings":{"desktop_content_position":"center","content_alignment":"left","color_scheme":"inverse","full_width":true,"padding_top":40,"padding_bottom":40}},"d29a1658-09ff-44c8-bb5b-f52e61d7388c":{"type":"kava-features-ivy-01","blocks":{"f04d68aa-c07f-4a7d-b5a9-90994bee9e4a":{"type":"heading","settings":{"heading_text":"Let us ask ourselves another 3 questions;","heading_tag":"h2","sub_heading_text":""}},"template--17796632903966__d29a1658-09ff-44c8-bb5b-f52e61d7388c-16756206235e8b47b0-1":{"type":"feature","settings":{"feature_title":"","feature_text":"Do people from our household know what institutions we have; deferred funds, incurred liabilities, insurance policies, savings accounts? What would give them the most trouble? What answer would you give them?","feature_svg":"<svg xmlns=\"http:\/\/www.w3.org\/2000\/svg\" width=\"16\" height=\"16\" fill=\"currentColor\" class=\"bi bi-stack\" viewbox=\"0 0 16 16\"><path d=\"m14.12 10.163 1.715.858c.22.11.22.424 0 .534L8.267 15.34a.598.598 0 0 1-.534 0L.165 11.555a.299.299 0 0 1 0-.534l1.716-.858 5.317 2.659c.505.252 1.1.252 1.604 0l5.317-2.66zM7.733.063a.598.598 0 0 1 .534 0l7.568 3.784a.3.3 0 0 1 0 .535L8.267 8.165a.598.598 0 0 1-.534 0L.165 4.382a.299.299 0 0 1 0-.535L7.733.063z\"><\/path><path d=\"m14.12 6.576 1.715.858c.22.11.22.424 0 .534l-7.568 3.784a.598.598 0 0 1-.534 0L.165 7.968a.299.299 0 0 1 0-.534l1.716-.858 5.317 2.659c.505.252 1.1.252 1.604 0l5.317-2.659z\"><\/path><\/svg>","feature_image":"shopify:\/\/shop_images\/2.png"}},"template--17796632903966__d29a1658-09ff-44c8-bb5b-f52e61d7388c-16756206235e8b47b0-2":{"type":"feature","settings":{"feature_title":"","feature_text":"Do we ourselves have control over all our financial products? Does the liability in the bank have insurance and for what amount? Does the employer cover for additional protection? Do we know about additional, often accidental financial products when buying services and items?","feature_svg":"<svg xmlns=\"http:\/\/www.w3.org\/2000\/svg\" width=\"16\" height=\"16\" fill=\"currentColor\" class=\"bi bi-palette-fill\" viewbox=\"0 0 16 16\"><path d=\"M12.433 10.07C14.133 10.585 16 11.15 16 8a8 8 0 1 0-8 8c1.996 0 1.826-1.504 1.649-3.08-.124-1.101-.252-2.237.351-2.92.465-.527 1.42-.237 2.433.07zM8 5a1.5 1.5 0 1 1 0-3 1.5 1.5 0 0 1 0 3zm4.5 3a1.5 1.5 0 1 1 0-3 1.5 1.5 0 0 1 0 3zM5 6.5a1.5 1.5 0 1 1-3 0 1.5 1.5 0 0 1 3 0zm.5 6.5a1.5 1.5 0 1 1 0-3 1.5 1.5 0 0 1 0 3z\"><\/path><\/svg>","feature_image":"shopify:\/\/shop_images\/2.png"}},"template--17796632903966__d29a1658-09ff-44c8-bb5b-f52e61d7388c-16756206235e8b47b0-3":{"type":"feature","settings":{"feature_title":"","feature_text":"Faced with the loss of a person close to us, nothing will reward us suffering. However, it should be borne in mind that these suffering is compounded by problems related to formalities and finances. Can our family handle all our rights and obligations day by day, terminating and reaching every service and contract?","feature_svg":"<svg xmlns=\"http:\/\/www.w3.org\/2000\/svg\" width=\"16\" height=\"16\" fill=\"currentColor\" class=\"bi bi-images\" viewbox=\"0 0 16 16\"><path d=\"M4.502 9a1.5 1.5 0 1 0 0-3 1.5 1.5 0 0 0 0 3z\"><\/path><path d=\"M14.002 13a2 2 0 0 1-2 2h-10a2 2 0 0 1-2-2V5A2 2 0 0 1 2 3a2 2 0 0 1 2-2h10a2 2 0 0 1 2 2v8a2 2 0 0 1-1.998 2zM14 2H4a1 1 0 0 0-1 1h9.002a2 2 0 0 1 2 2v7A1 1 0 0 0 15 11V3a1 1 0 0 0-1-1zM2.002 4a1 1 0 0 0-1 1v8l2.646-2.354a.5.5 0 0 1 .63-.062l2.66 1.773 3.71-3.71a.5.5 0 0 1 .577-.094l1.777 1.947V5a1 1 0 0 0-1-1h-10z\"><\/path><\/svg>","feature_image":"shopify:\/\/shop_images\/2.png"}}},"block_order":["f04d68aa-c07f-4a7d-b5a9-90994bee9e4a","template--17796632903966__d29a1658-09ff-44c8-bb5b-f52e61d7388c-16756206235e8b47b0-1","template--17796632903966__d29a1658-09ff-44c8-bb5b-f52e61d7388c-16756206235e8b47b0-2","template--17796632903966__d29a1658-09ff-44c8-bb5b-f52e61d7388c-16756206235e8b47b0-3"],"settings":{"inherit_fonts":true,"text_color":"{{ shop.brand.colors.secondary[0].foreground }}","background_color":"rgba(0,0,0,0)","icon_color":"{{ shop.brand.colors.primary[0].foreground }}","section_height":false,"section_padding_top":90,"section_padding_bottom":50,"section_padding_top_mobile":100,"section_padding_bottom_mobile":100,"container_max_width":1200,"custom_css":""}},"02715872-540c-49fa-a300-2054ac0a67d3":{"type":"rich-text","blocks":{"template--17796632903966__02715872-540c-49fa-a300-2054ac0a67d3-16756266746ee6a98e-1":{"type":"text","settings":{"text":"<p>In this way, institutions and financial corporations keep a huge amount of money that belongs to the family of the deceased person. Given the legal provisions, these institutions have no obligation or even the right to seek heirs. All measures shall be released only after the application has been lodged and the relevant documents have been produced. Just open another bank account without informing anyone. This is a daily situation, and in special cases, measures that have been put aside in secret for someone close to us can never reach this person.<br\/><br\/><br\/>This is a difficult topic, talk about the end of life, but quoting the famous saying <strong>“in life, only death and taxes are certain”<\/strong>, the conclusion comes on its own. Only time stands between the beginning and the end. By removing the unpleasant necessity, we try to deceive our own thoughts, being surprised when someone from our environment leaves without saying goodbye.<\/p>"}}},"block_order":["template--17796632903966__02715872-540c-49fa-a300-2054ac0a67d3-16756266746ee6a98e-1"],"settings":{"desktop_content_position":"center","content_alignment":"left","color_scheme":"background-1","full_width":true,"padding_top":40,"padding_bottom":52}},"96728211-a998-4c98-b259-c7ffba6866d8":{"type":"rich-text","blocks":{"template--17796632903966__96728211-a998-4c98-b259-c7ffba6866d8-1675641296f4fd43b4-1":{"type":"text","settings":{"text":"<p><strong>Thinking about the people we care about the most, let us take care of it today, so that in the face of unpredictable leave behind the least for cleaning.<\/strong><\/p>"}}},"block_order":["template--17796632903966__96728211-a998-4c98-b259-c7ffba6866d8-1675641296f4fd43b4-1"],"settings":{"desktop_content_position":"center","content_alignment":"center","color_scheme":"inverse","full_width":true,"padding_top":40,"padding_bottom":52}}},"order":["main","7f8e28e3-d661-41f1-b7ca-bd7af92b141d","9f5600dd-1bfc-4a6c-9b17-b55b48459f8f","7773d824-865e-41ba-a0e2-e0c6cf5f50ee","883c6bd0-3d47-4bdd-a525-2eceac18d8cc","6b216f73-ae92-45c7-a4ca-032934775876","41a58d11-b104-4f0b-932b-0f279aba9755","d6fd908d-b771-47d4-9e91-ac97afa0646f","8cccfec9-c8ed-4306-8b57-b81b34d95a03","51ac0386-36f6-4d8f-98ca-e04a3af07f32","d29a1658-09ff-44c8-bb5b-f52e61d7388c","02715872-540c-49fa-a300-2054ac0a67d3","96728211-a998-4c98-b259-c7ffba6866d8"]}